id;name_service;company_name;phone;email;plans_all_floors_ventilation_plans;energy_simulation_report;windows_technical_sheet_and_u_factor;complete_wall_section;brand_model_ventilation_devices;brand_model_veaters;brand_model_hot_water_tanks;brand_model_heat_pump_air_conditioning_units;type_lighting;quantity_each_model_and_dlc_product_id;checks_provide_technical_data_sheets;brand_model_plumbing_fixtures;other_relevant_devices_certification;heat_recovery_gray_water_solar_other
1;très tant;secouriste même si vers;0358344319;Andree66@yahoo.fr;true;true;true;true;true;true;false;true;false;false;false;true;true;false
2;réunir très;finir sympathique même si;0570310753;Celien.Petit84@yahoo.fr;false;false;false;true;true;false;false;true;false;true;false;true;true;false
3;sauf par personnel professionnel;turquoise;+33 718818767;Monique24@gmail.com;true;true;false;false;true;false;true;false;true;false;true;true;true;false
4;à côté de;autour de;+33 750286789;Cesar_Carpentier@gmail.com;false;false;true;true;true;true;true;false;false;false;true;true;true;true
5;devant apparemment;boum en face de mélanger;0731515030;Rejeanne_Rey11@gmail.com;true;false;true;true;false;true;false;true;true;false;false;true;true;true
6;adepte à condition que avant que;du moment que parlementaire de crainte que;+33 158519371;Bertrand39@hotmail.fr;true;false;true;true;true;true;true;false;true;false;false;true;false;false
7;pendant que chut volontiers;commissionnaire camarade;0255963302;Eulalie.Huet@yahoo.fr;true;true;true;true;true;false;true;true;false;false;false;false;false;false
8;dissoudre appeler;adepte prout clientèle;+33 134777765;Sylvie65@gmail.com;true;false;true;true;true;false;true;true;true;false;false;false;false;false
9;de la part de;toc;+33 487973053;Flavie70@gmail.com;false;true;false;false;true;true;false;false;true;false;false;false;false;true
10;électorat vérifier;outre turquoise;+33 750275492;Brigitte_Cousin38@hotmail.fr;true;false;false;true;true;false;true;false;true;false;true;true;true;false
